id,year,town,location,l_number,x,y,company
1,109,佳冬鄉,塭豐段,1047,120.527722,22.419508,力暘
2,109,佳冬鄉,塭豐段,1046,120.527957,22.419642,力暘
3,109,佳冬鄉,塭豐段,1045,120.528191,22.419777,力暘
4,109,佳冬鄉,塭豐段,541_1,120.526061,22.421691,力暘
5,109,佳冬鄉,塭豐段,720,120.530455,22.418875,力暘
6,109,佳冬鄉,塭豐段,719,120.530664,22.418996,力暘
7,109,佳冬鄉,塭豐段,718,120.530866,22.419111,力暘
8,109,佳冬鄉,塭豐段,648,120.531561,22.42174,力暘
9,109,佳冬鄉,塭豐段,647,120.53176,22.421856,力暘
10,109,佳冬鄉,塭豐段,646,120.532044,22.421789,力暘
11,109,佳冬鄉,塭豐段,260,120.532101,22.422568,力暘
12,109,佳冬鄉,塭豐段,292,120.530094,22.423582,力暘
13,109,佳冬鄉,塭豐段,291,120.530219,22.423727,力暘
14,109,佳冬鄉,塭豐段,311,120.528785,22.424279,力暘
15,109,佳冬鄉,塭豐段,310,120.528935,22.424321,力暘
16,109,佳冬鄉,塭豐段,309,120.52913,22.424369,力暘
17,109,佳冬鄉,塭豐段,323,120.528369,22.425229,力暘
18,109,佳冬鄉,塭豐段,339,120.527424,22.42594,力暘
19,109,佳冬鄉,塭豐段,338,120.527539,22.426099,力暘
20,109,佳冬鄉,塭豐段,337,120.527681,22.426293,力暘
21,109,佳冬鄉,塭豐段,336,120.527809,22.426465,力暘
22,109,佳冬鄉,塭豐段,335,120.527908,22.426601,力暘
23,109,佳冬鄉,塭豐段,334,120.528007,22.426735,力暘
24,109,佳冬鄉,塭豐段,333,120.528116,22.426884,力暘
25,109,佳冬鄉,塭豐段,286,120.530717,22.42443,力暘
26,109,佳冬鄉,塭豐段,285,120.530782,22.424516,力暘
27,109,佳冬鄉,塭豐段,284,120.530837,22.42459,力暘
28,109,佳冬鄉,塭豐段,283,120.530921,22.424705,力暘
29,109,佳冬鄉,塭豐段,280,120.531179,22.425054,力暘
30,109,佳冬鄉,塭豐段,279,120.531263,22.425169,力暘
31,109,佳冬鄉,塭豐段,270,120.531995,22.424037,力暘
32,109,佳冬鄉,塭豐段,269,120.531894,22.424328,力暘
33,109,佳冬鄉,塭豐段,268,120.532026,22.424395,力暘
34,109,佳冬鄉,塭豐段,267_1,120.532106,22.424515,力暘
35,109,佳冬鄉,塭豐段,246,120.533688,22.422219,力暘
36,109,佳冬鄉,塭豐段,245,120.533802,22.422364,力暘
37,109,佳冬鄉,塭豐段,244,120.533916,22.42251,力暘
38,109,佳冬鄉,塭豐段,243,120.53403,22.422655,力暘
39,109,佳冬鄉,塭豐段,242,120.534132,22.422785,力暘
40,109,佳冬鄉,塭豐段,241,120.534235,22.422915,力暘
41,109,佳冬鄉,塭豐段,256,120.532629,22.423129,力暘
42,109,佳冬鄉,塭豐段,255,120.532684,22.423333,力暘
43,109,佳冬鄉,塭豐段,254,120.533352,22.423102,力暘
44,109,佳冬鄉,塭豐段,253,120.533391,22.423222,力暘
45,109,佳冬鄉,塭豐段,252,120.533433,22.423349,力暘
46,109,佳冬鄉,塭豐段,251,120.53349,22.423502,力暘
47,109,佳冬鄉,塭豐段,250,120.533517,22.423644,力暘
48,109,佳冬鄉,塭豐段,234,120.534412,22.421472,力暘
49,109,佳冬鄉,塭豐段,233,120.534526,22.421592,力暘
50,109,佳冬鄉,塭豐段,232,120.534617,22.421711,力暘
51,109,佳冬鄉,塭豐段,231,120.534708,22.421829,力暘
52,109,佳冬鄉,塭豐段,211,120.536418,22.420206,力暘
53,109,佳冬鄉,塭豐段,202,120.537409,22.419592,力暘
54,109,佳冬鄉,塭豐段,201,120.537516,22.419707,力暘
55,109,佳冬鄉,塭豐段,200,120.537614,22.419835,力暘
56,109,佳冬鄉,佳和段,2424,120.540242,22.423897,力暘
57,109,佳冬鄉,佳和段,2381,120.540657,22.425508,力暘
58,109,佳冬鄉,佳和段,1493,120.542804,22.427682,力暘
59,109,佳冬鄉,佳和段,2279,120.533331,22.426117,力暘
60,109,佳冬鄉,佳和段,1959,120.535977,22.433153,力暘
61,109,佳冬鄉,佳和段,1960,120.535821,22.433083,力暘
62,109,佳冬鄉,佳和段,1213,120.54065,22.432944,力暘
63,109,佳冬鄉,佳和段,1211,120.541006,22.433095,力暘
64,109,佳冬鄉,新埔段,1151,120.52962,22.435884,力暘
65,109,佳冬鄉,新埔段,1154,120.530022,22.435969,力暘
66,109,佳冬鄉,新埔段,1150,120.529576,22.434731,力暘
67,109,佳冬鄉,佳和段,1328,120.542231,22.431168,力暘
68,109,佳冬鄉,佳和段,1370,120.544623,22.431086,力暘
69,109,佳冬鄉,佳和段,1371,120.54447,22.43105,力暘
70,109,佳冬鄉,佳和段,2358,120.536988,22.425213,力暘
71,109,佳冬鄉,佳和段,2036,120.531444,22.430409,力暘
72,109,佳冬鄉,佳和段,2035,120.531605,22.430423,力暘
73,109,佳冬鄉,佳和段,2015,120.532852,22.431041,力暘
74,109,佳冬鄉,佳和段,2072,120.535001,22.430402,力暘
75,109,佳冬鄉,佳和段,2070,120.53536,22.430464,力暘
76,109,佳冬鄉,佳和段,2227,120.533411,22.427392,力暘
77,109,佳冬鄉,佳和段,2210,120.536083,22.428522,力暘
78,109,佳冬鄉,佳和段,2208,120.536428,22.428671,力暘
79,109,佳冬鄉,佳和段,2255,120.537622,22.428015,力暘
80,109,佳冬鄉,佳和段,2199,120.53804,22.429355,力暘
81,109,佳冬鄉,佳和段,2198,120.538201,22.429421,力暘
82,109,佳冬鄉,佳和段,1333,120.541199,22.431014,力暘
83,109,佳冬鄉,佳和段,1961,120.535675,22.433023,力暘
84,109,佳冬鄉,佳和段,1965,120.534791,22.43265,力暘
85,109,佳冬鄉,佳和段,1964,120.535038,22.432753,力暘
86,109,佳冬鄉,佳和段,1936,120.532531,22.432798,力暘
87,109,佳冬鄉,佳和段,1935,120.532612,22.432835,力暘
88,109,佳冬鄉,佳和段,1934,120.532698,22.432866,力暘
89,109,佳冬鄉,佳和段,2025,120.531141,22.431343,力暘
90,109,佳冬鄉,佳和段,2042,120.530568,22.430319,力暘
91,109,佳冬鄉,佳和段,2041,120.530733,22.430323,力暘
92,109,佳冬鄉,佳和段,2155,120.530587,22.429469,力暘
93,109,佳冬鄉,佳和段,1978,120.532513,22.431684,力暘
94,109,佳冬鄉,佳和段,1979,120.532343,22.431608,力暘
95,109,佳冬鄉,佳和段,1980,120.532195,22.431545,力暘
96,109,佳冬鄉,佳和段,1981,120.532056,22.431486,力暘
97,109,佳冬鄉,佳和段,2089,120.532429,22.429492,力暘
98,109,佳冬鄉,佳和段,2090,120.532283,22.429449,力暘
99,109,佳冬鄉,佳和段,2091,120.53215,22.42941,力暘
100,109,佳冬鄉,佳和段,2087,120.532717,22.429582,力暘
101,109,佳冬鄉,佳和段,2038,120.531082,22.430333,力暘
102,109,佳冬鄉,佳和段,2074,120.534717,22.430342,力暘
103,109,佳冬鄉,佳和段,2244,120.539781,22.428929,力暘
104,109,佳冬鄉,佳和段,2243,120.539925,22.428991,力暘
105,109,佳冬鄉,佳和段,1390,120.541124,22.429489,力暘
106,109,佳冬鄉,佳和段,1391,120.540939,22.42941,力暘
107,109,佳冬鄉,佳和段,2272,120.534684,22.426774,力暘
108,109,佳冬鄉,佳和段,2271,120.534838,22.426837,力暘
109,109,佳冬鄉,佳和段,2280,120.533254,22.425924,力暘
110,109,佳冬鄉,佳和段,2367,120.535405,22.424586,力暘
111,109,佳冬鄉,佳和段,2368,120.535182,22.424612,力暘
112,109,佳冬鄉,佳和段,1263,120.542098,22.432111,力暘
113,109,佳冬鄉,佳和段,1358,120.546795,22.431898,力暘
114,109,佳冬鄉,佳和段,2003,120.534767,22.431623,力暘
115,109,佳冬鄉,佳和段,2004,120.534579,22.431539,力暘
116,109,佳冬鄉,佳和段,2143,120.532559,22.428289,力暘
117,109,佳冬鄉,佳和段,2142,120.532644,22.428323,力暘
118,109,佳冬鄉,佳和段,2259,120.536781,22.427655,力暘
119,109,佳冬鄉,佳和段,1266,120.541488,22.432083,力暘
120,109,佳冬鄉,佳和段,1428,120.54444,22.429549,力暘
121,109,佳冬鄉,佳和段,1492,120.543019,22.427773,力暘
122,109,佳冬鄉,佳和段,1591,120.54536,22.426279,力暘
123,109,佳冬鄉,佳和段,2063,120.536009,22.430985,力暘
124,109,佳冬鄉,佳和段,2064,120.535806,22.431053,力暘
125,109,佳冬鄉,佳和段,2065,120.535658,22.431035,力暘
126,109,佳冬鄉,佳和段,2086,120.532807,22.429675,力暘
127,109,佳冬鄉,塭豐段,381,120.524908,22.424401,力暘
128,109,佳冬鄉,塭豐段,383,120.525299,22.424324,力暘
129,109,佳冬鄉,塭豐段,403,120.524626,22.423016,力暘
130,109,佳冬鄉,塭豐段,373,120.527001,22.423966,力暘
131,109,佳冬鄉,塭豐段,374,120.527161,22.42392,力暘
132,109,佳冬鄉,塭豐段,375,120.527276,22.423884,力暘
133,109,佳冬鄉,塭豐段,506,120.528678,22.423307,力暘
134,109,佳冬鄉,塭豐段,510,120.529429,22.422912,力暘
135,109,佳冬鄉,塭豐段,511,120.529571,22.422832,力暘
136,109,佳冬鄉,塭豐段,395,120.526753,22.423106,力暘
137,109,佳冬鄉,塭豐段,522,120.526922,22.423011,力暘
138,109,佳冬鄉,塭豐段,523,120.527095,22.422917,力暘
139,109,佳冬鄉,塭豐段,524,120.527224,22.422843,力暘
140,109,佳冬鄉,塭豐段,525,120.527321,22.422788,力暘
141,109,佳冬鄉,塭豐段,526,120.527452,22.422716,力暘
142,109,佳冬鄉,塭豐段,529,120.527903,22.422465,力暘
143,109,佳冬鄉,塭豐段,413,120.526141,22.422168,力暘
144,109,佳冬鄉,塭豐段,565,120.526701,22.420503,力暘
145,109,佳冬鄉,塭豐段,566,120.526842,22.420422,力暘
146,109,佳冬鄉,塭豐段,316,120.529022,22.426113,力暘
147,109,佳冬鄉,塭豐段,534,120.528763,22.421983,力暘
148,109,佳冬鄉,塭豐段,535,120.528862,22.421926,力暘
149,109,佳冬鄉,塭豐段,536,120.529014,22.421843,力暘
150,109,佳冬鄉,塭豐段,537,120.529232,22.42172,力暘
151,109,佳冬鄉,塭豐段,541,120.526366,22.422145,力暘
152,109,佳冬鄉,塭豐段,542,120.526492,22.421974,力暘
153,109,佳冬鄉,塭豐段,543,120.526665,22.421877,力暘
154,109,佳冬鄉,塭豐段,544,120.52683,22.421783,力暘
155,109,佳冬鄉,塭豐段,545,120.526979,22.4217,力暘
156,109,佳冬鄉,塭豐段,546,120.527128,22.421617,力暘
157,109,佳冬鄉,塭豐段,547,120.527285,22.42153,力暘
158,109,佳冬鄉,塭豐段,548,120.527441,22.421438,力暘
159,109,佳冬鄉,塭豐段,558,120.525681,22.421076,力暘
160,109,佳冬鄉,塭豐段,559,120.525813,22.421002,力暘
161,109,佳冬鄉,塭豐段,560,120.525985,22.420945,力暘
162,109,佳冬鄉,塭豐段,561,120.526006,22.420715,力暘
163,109,佳冬鄉,塭仔段,245,120.525324,22.421116,力暘
164,109,佳冬鄉,塭仔段,314,120.526161,22.419731,力暘
165,109,佳冬鄉,塭仔段,410,120.522873,22.419931,力暘
166,109,佳冬鄉,塭仔段,411,120.522603,22.419727,力暘
167,109,佳冬鄉,塭仔段,470,120.521004,22.418949,力暘
168,109,佳冬鄉,塭仔段,470_6,120.521076,22.419027,力暘
169,109,佳冬鄉,塭仔段,477,120.521125,22.418574,力暘
170,109,佳冬鄉,塭仔段,478,120.521078,22.418717,力暘
171,109,佳冬鄉,塭仔段,479,120.520875,22.418704,力暘
172,109,佳冬鄉,塭仔段,480,120.520707,22.418932,力暘
173,109,佳冬鄉,塭仔段,481,120.520596,22.418793,力暘
174,109,佳冬鄉,塭仔段,405,120.523421,22.419938,力暘
175,109,佳冬鄉,內館段,58,120.530509,22.434199,力暘
176,109,佳冬鄉,內館段,228,120.526816,22.430233,力暘
177,109,佳冬鄉,內館段,227,120.52708,22.430562,力暘
178,109,佳冬鄉,內館段,217,120.527418,22.430701,力暘
179,109,佳冬鄉,內館段,213,120.527473,22.430076,力暘
180,109,佳冬鄉,內館段,66,120.532131,22.434461,力暘
181,109,佳冬鄉,內館段,66_4,120.5324,22.434539,力暘
182,109,佳冬鄉,內館段,65,120.531803,22.434481,力暘
183,109,佳冬鄉,內館段,104,120.53219,22.433995,力暘
184,109,佳冬鄉,內館段,44,120.529948,22.433494,力暘
185,109,佳冬鄉,內館段,52,120.529982,22.432927,力暘
186,109,佳冬鄉,內館段,54,120.530545,22.43311,力暘
187,109,佳冬鄉,內館段,55_1,120.530483,22.432405,力暘
188,109,佳冬鄉,內館段,43_2,120.530086,22.433997,力暘
189,109,佳冬鄉,內館段,43_1,120.529495,22.43385,力暘
190,109,佳冬鄉,內館段,39,120.529421,22.432041,力暘
191,109,佳冬鄉,內館段,40,120.529644,22.431955,力暘
192,109,佳冬鄉,內館段,41,120.529297,22.432646,力暘
193,109,佳冬鄉,內館段,142,120.529666,22.430429,力暘
194,109,佳冬鄉,內館段,77,120.534651,22.435344,力暘
195,109,佳冬鄉,內館段,77_1,120.534783,22.435368,力暘
196,109,佳冬鄉,內館段,78,120.534988,22.435388,力暘
197,109,佳冬鄉,內館段,33_3,120.528905,22.43237,力暘
198,109,佳冬鄉,內館段,33_4,120.52899,22.43239,力暘
199,109,佳冬鄉,內館段,33_5,120.529041,22.432431,力暘
200,109,佳冬鄉,新埔段,1160,120.53113,22.435154,力暘
201,109,佳冬鄉,新埔段,1164,120.531386,22.435224,力暘
202,109,佳冬鄉,新埔段,1170,120.531761,22.435285,力暘
203,109,佳冬鄉,新埔段,1147,120.529313,22.43461,力暘
204,109,佳冬鄉,新埔段,1144,120.528932,22.435684,力暘
205,109,佳冬鄉,新埔段,1091,120.531243,22.437396,力暘
206,109,佳冬鄉,新埔段,801,120.535006,22.441501,力暘
207,109,佳冬鄉,新埔段,1077,120.534874,22.437908,力暘
208,109,佳冬鄉,新埔段,1232,120.538064,22.437639,力暘
209,109,佳冬鄉,新埔段,1241,120.538855,22.437945,力暘
210,109,佳冬鄉,新埔段,1242,120.539054,22.438031,力暘
211,109,佳冬鄉,新埔段,1243,120.539239,22.438116,力暘
212,109,佳冬鄉,新埔段,1244,120.53942,22.438115,力暘
213,109,佳冬鄉,新埔段,1245,120.539363,22.437692,力暘
214,109,佳冬鄉,新埔段,996,120.541788,22.44101,力暘
215,109,佳冬鄉,新埔段,1149,120.529408,22.435615,力暘
216,109,佳冬鄉,新埔段,1129,120.527679,22.43488,力暘
217,109,佳冬鄉,新埔段,1130,120.527962,22.434813,力暘
218,109,佳冬鄉,新埔段,1134,120.528176,22.434201,力暘
219,109,佳冬鄉,新埔段,1138,120.528398,22.434367,力暘
220,109,佳冬鄉,新埔段,1140,120.528641,22.434494,力暘
221,109,佳冬鄉,新埔段,1098,120.529181,22.436699,力暘
222,109,佳冬鄉,新埔段,1099,120.52947,22.436367,力暘
223,109,佳冬鄉,新埔段,1186,120.532717,22.436703,力暘
224,109,佳冬鄉,新埔段,1217,120.537048,22.435903,力暘
225,109,佳冬鄉,新埔段,787,120.531462,22.440751,力暘
226,109,佳冬鄉,新埔段,1043,120.532605,22.440202,力暘
227,109,佳冬鄉,新埔段,1044,120.532304,22.439971,力暘
228,109,佳冬鄉,新埔段,1045,120.531886,22.439438,力暘
229,109,佳冬鄉,新埔段,1045_2,120.531998,22.439452,力暘
230,109,佳冬鄉,新埔段,1045_3,120.532111,22.43946,力暘
231,109,佳冬鄉,新埔段,1045_4,120.532199,22.439548,力暘
232,109,佳冬鄉,新埔段,1168,120.531297,22.436491,力暘
233,109,佳冬鄉,新埔段,1171,120.531332,22.436752,力暘
234,109,佳冬鄉,新埔段,1172,120.531692,22.436147,力暘
235,109,佳冬鄉,新埔段,1079,120.534026,22.438503,力暘
236,109,佳冬鄉,新埔段,1080,120.534308,22.437865,力暘
237,109,佳冬鄉,新埔段,1081,120.533477,22.438247,力暘
238,109,佳冬鄉,新埔段,1082,120.533269,22.437794,力暘
239,109,佳冬鄉,新埔段,1083,120.53251,22.438264,力暘
240,109,佳冬鄉,新埔段,818,120.535895,22.441355,力暘
241,109,佳冬鄉,新埔段,819,120.535938,22.441055,力暘
242,109,佳冬鄉,新埔段,820,120.535994,22.440648,力暘
243,109,佳冬鄉,新埔段,1007,120.536619,22.439933,力暘
244,109,佳冬鄉,新埔段,1010,120.536292,22.439904,力暘
245,109,佳冬鄉,新埔段,1010_1,120.53612,22.439525,力暘
246,109,佳冬鄉,新埔段,1025,120.536898,22.438678,力暘
247,109,佳冬鄉,新埔段,1012_1,120.535234,22.439942,力暘
248,109,佳冬鄉,新埔段,396,120.535441,22.446207,力暘
249,109,佳冬鄉,新埔段,401_1,120.534451,22.445736,力暘
250,109,佳冬鄉,新埔段,661,120.535845,22.445468,力暘
251,109,佳冬鄉,新埔段,1035_1,120.533352,22.439573,力暘
252,109,佳冬鄉,新埔段,674,120.533406,22.44429,力暘
253,109,佳冬鄉,新埔段,675,120.533206,22.444289,力暘
254,109,佳冬鄉,新埔段,473,120.53989,22.446806,力暘
255,109,佳冬鄉,新埔段,1097,120.528935,22.436973,力暘
256,109,佳冬鄉,新埔段,1109,120.528847,22.436635,力暘
257,109,佳冬鄉,新埔段,1228,120.537902,22.436693,力暘
258,109,佳冬鄉,新埔段,1230_2,120.537858,22.436861,力暘
259,109,佳冬鄉,新埔段,394,120.53634,22.446332,力暘
260,109,佳冬鄉,新埔段,644,120.535939,22.443793,力暘
261,109,佳冬鄉,新埔段,650,120.535879,22.443345,力暘
262,109,佳冬鄉,新埔段,662,120.535519,22.445224,力暘
263,109,佳冬鄉,新埔段,663,120.535423,22.44476,力暘
264,109,佳冬鄉,新埔段,667,120.53445,22.444676,力暘
265,109,佳冬鄉,新埔段,668,120.534031,22.444575,力暘
266,109,佳冬鄉,新埔段,668_2,120.53425,22.444626,力暘
267,109,佳冬鄉,新埔段,678,120.533283,22.444052,力暘
268,109,佳冬鄉,新埔段,685,120.5352,22.444257,力暘
269,109,佳冬鄉,內館段,129,120.529942,22.431733,力暘
270,109,佳冬鄉,內館段,130,120.530367,22.431813,力暘
271,109,佳冬鄉,新埔段,390,120.536289,22.446935,力暘
272,109,佳冬鄉,新埔段,446,120.536734,22.447085,力暘
273,109,佳冬鄉,新埔段,447,120.536961,22.446976,力暘
274,109,佳冬鄉,新埔段,389,120.536377,22.44748,力暘
275,109,佳冬鄉,新埔段,443,120.536615,22.447526,力暘
276,109,佳冬鄉,新埔段,444,120.536763,22.447546,力暘
277,109,佳冬鄉,新埔段,388,120.536415,22.447646,力暘
278,109,佳冬鄉,新埔段,1254,120.540988,22.438855,力暘
279,109,佳冬鄉,新埔段,1256,120.542303,22.439318,力暘
280,109,佳冬鄉,新埔段,966,120.541788,22.44101,力暘
281,109,佳冬鄉,新埔段,967,120.54109,22.441007,力暘
282,109,佳冬鄉,新埔段,974,120.540646,22.44034,力暘
283,109,佳冬鄉,新埔段,975,120.541073,22.440399,力暘
284,109,佳冬鄉,新埔段,976,120.541369,22.440579,力暘
285,109,佳冬鄉,新埔段,977,120.5418,22.440663,力暘
286,109,佳冬鄉,新埔段,980,120.541464,22.439795,力暘
287,109,佳冬鄉,新埔段,982,120.540701,22.439987,力暘
288,109,佳冬鄉,新埔段,979_2,120.541678,22.439445,力暘
289,109,佳冬鄉,新埔段,849,120.540383,22.4433,力暘
290,109,佳冬鄉,新埔段,855,120.540634,22.443754,力暘
291,109,佳冬鄉,新埔段,599,120.542377,22.444122,力暘
292,109,佳冬鄉,新埔段,861,120.542231,22.443473,力暘
293,109,佳冬鄉,新埔段,552,120.54331,22.442619,力暘
294,109,佳冬鄉,新埔段,558,120.544137,22.442543,力暘
295,109,佳冬鄉,新埔段,559,120.544007,22.442371,力暘
296,109,佳冬鄉,新埔段,560,120.544001,22.44223,力暘
297,109,佳冬鄉,新埔段,518,120.543373,22.44443,力暘
298,109,佳冬鄉,新埔段,519,120.544063,22.444739,力暘
299,109,佳冬鄉,新埔段,523,120.544945,22.444904,力暘
300,109,佳冬鄉,新埔段,537,120.545058,22.444362,力暘
301,109,佳冬鄉,新埔段,852,120.540185,22.441866,力暘
302,109,佳冬鄉,新埔段,868,120.541156,22.442176,力暘
303,109,佳冬鄉,新埔段,869,120.540998,22.442151,力暘
304,109,佳冬鄉,新埔段,1265,120.545608,22.440158,力暘
305,109,佳冬鄉,新埔段,1266,120.545771,22.439925,力暘
306,109,佳冬鄉,新埔段,1278,120.545331,22.438995,力暘
307,109,佳冬鄉,新埔段,1293,120.545282,22.438108,力暘
308,109,佳冬鄉,新埔段,1294,120.545467,22.438125,力暘
309,109,佳冬鄉,新埔段,853,120.539914,22.441829,力暘
310,109,佳冬鄉,武丁段,917,120.548083,22.444042,力暘
311,109,佳冬鄉,武丁段,899,120.548173,22.445671,力暘
312,109,佳冬鄉,武丁段,832,120.550941,22.446996,力暘
313,109,佳冬鄉,武丁段,885,120.551277,22.446144,力暘
314,109,佳冬鄉,武丁段,965,120.548991,22.442294,力暘
315,109,佳冬鄉,武丁段,966,120.548918,22.44189,力暘
316,109,佳冬鄉,武丁段,972,120.549024,22.441409,力暘
317,109,佳冬鄉,武丁段,973,120.54879,22.441555,力暘
318,109,佳冬鄉,武丁段,974,120.549251,22.441818,力暘
319,109,佳冬鄉,武丁段,997,120.549115,22.440459,力暘
320,109,佳冬鄉,武丁段,998,120.549228,22.44077,力暘
321,109,佳冬鄉,武丁段,999,120.549165,22.441001,力暘
322,109,佳冬鄉,武丁段,1005_2,120.548493,22.439943,力暘
323,109,佳冬鄉,武丁段,1008,120.549197,22.439376,力暘
324,109,佳冬鄉,武丁段,869,120.545308,22.446083,力暘
325,109,佳冬鄉,武丁段,846,120.548297,22.446565,力暘
326,109,佳冬鄉,武丁段,546,120.537239,22.450974,力暘
327,109,佳冬鄉,武丁段,909,120.547412,22.444749,力暘
328,109,佳冬鄉,昌南段,160,120.551848,22.446747,力暘
329,109,佳冬鄉,昌南段,161,120.551774,22.44699,力暘
330,109,佳冬鄉,昌南段,168,120.55189,22.446294,力暘
331,109,佳冬鄉,昌南段,168_1,120.552055,22.446315,力暘
332,109,佳冬鄉,昌南段,229,120.551384,22.442928,力暘
333,109,佳冬鄉,昌南段,230,120.55157,22.443315,力暘
334,109,佳冬鄉,昌南段,231,120.552062,22.443332,力暘
335,109,佳冬鄉,昌南段,233,120.551623,22.4427,力暘
336,109,佳冬鄉,昌南段,199,120.553472,22.442939,力暘
337,109,佳冬鄉,昌南段,200,120.553331,22.442785,力暘
338,109,佳冬鄉,昌南段,500,120.555286,22.441491,力暘
339,109,佳冬鄉,昌南段,512,120.554631,22.442711,力暘
340,109,佳冬鄉,昌南段,513,120.555029,22.442283,力暘
341,109,佳冬鄉,昌南段,514,120.554803,22.442181,力暘
342,109,佳冬鄉,昌南段,516,120.554759,22.441659,力暘
343,109,佳冬鄉,昌南段,469,120.5562,22.439839,力暘
344,109,佳冬鄉,昌南段,474,120.555886,22.440739,力暘
345,109,佳冬鄉,昌南段,475,120.555861,22.440129,力暘
346,109,佳冬鄉,昌南段,172,120.551633,22.445568,力暘
347,109,佳冬鄉,昌南段,212,120.550739,22.444249,力暘
348,109,佳冬鄉,昌南段,213,120.550783,22.443783,力暘
349,109,佳冬鄉,昌南段,214,120.550312,22.443541,力暘
350,109,佳冬鄉,昌南段,215,120.549859,22.443184,力暘
351,109,佳冬鄉,昌南段,223,120.550104,22.443077,力暘
352,109,佳冬鄉,昌南段,517,120.554449,22.442084,力暘
353,109,佳冬鄉,昌南段,520,120.554233,22.441427,力暘
354,109,佳冬鄉,昌南段,527,120.553499,22.441752,力暘
355,109,佳冬鄉,昌南段,533,120.552829,22.442365,力暘
356,109,佳冬鄉,昌南段,534,120.552429,22.442366,力暘
357,109,佳冬鄉,昌南段,535,120.55248,22.442233,力暘
358,109,佳冬鄉,昌南段,536,120.55283,22.442047,力暘
359,109,佳冬鄉,昌南段,537,120.552793,22.44174,力暘
360,109,佳冬鄉,昌南段,540,120.552162,22.441868,力暘
361,109,佳冬鄉,昌南段,541,120.551631,22.441606,力暘
362,109,佳冬鄉,昌南段,544,120.552128,22.441288,力暘
363,109,佳冬鄉,昌南段,162,120.55153,22.447005,力暘
364,109,佳冬鄉,昌南段,164,120.551418,22.446781,力暘
365,109,佳冬鄉,昌南段,167,120.551732,22.446274,力暘
366,109,佳冬鄉,昌南段,170,120.552293,22.445612,力暘
367,109,佳冬鄉,昌南段,176,120.552481,22.444631,力暘
368,109,佳冬鄉,昌南段,175,120.552644,22.44503,力暘
369,109,佳冬鄉,昌南段,191,120.554454,22.44397,力暘
370,109,佳冬鄉,昌南段,602,120.555651,22.439273,力暘
371,109,佳冬鄉,昌南段,604,120.555882,22.439528,力暘
372,109,佳冬鄉,佳和段,1016,120.54257,22.438347,力暘
373,109,佳冬鄉,佳和段,1017,120.542083,22.438609,力暘
374,109,佳冬鄉,佳和段,1017,120.542083,22.438609,力暘
375,109,佳冬鄉,佳和段,1020,120.541591,22.438023,力暘
376,109,佳冬鄉,佳和段,1043,120.541667,22.437648,力暘
377,109,佳冬鄉,佳和段,1114,120.542848,22.436077,力暘
378,109,佳冬鄉,佳和段,1115,120.542707,22.436016,力暘
379,109,佳冬鄉,佳和段,1146,120.542729,22.435001,力暘
380,109,佳冬鄉,佳和段,1075,120.543412,22.437528,力暘
381,109,佳冬鄉,佳和段,1102,120.538457,22.435531,力暘
382,109,佳冬鄉,佳和段,1019,120.542092,22.438239,力暘
383,109,佳冬鄉,佳和段,1024,120.541936,22.438539,力暘
384,109,佳冬鄉,佳和段,1025,120.54135,22.438384,力暘
385,109,佳冬鄉,佳和段,1041,120.542111,22.437704,力暘
386,109,佳冬鄉,佳和段,1042,120.542012,22.437492,力暘
387,109,佳冬鄉,佳和段,1241,120.545023,22.433588,力暘
388,109,佳冬鄉,昌南段,432,120.559234,22.439903,力暘
389,109,佳冬鄉,昌南段,450,120.558162,22.440242,力暘
390,109,佳冬鄉,昌南段,451,120.557858,22.440193,力暘
391,109,佳冬鄉,昌南段,140,120.554079,22.445853,力暘
392,109,佳冬鄉,昌南段,666,120.559469,22.439114,力暘
393,109,佳冬鄉,昌南段,299,120.559039,22.442684,力暘
394,109,佳冬鄉,昌南段,300,120.559072,22.442123,力暘
395,109,佳冬鄉,昌南段,301,120.559362,22.441961,力暘
396,109,佳冬鄉,昌南段,291,120.557989,22.442762,力暘
397,109,佳冬鄉,昌南段,295,120.558164,22.442604,力暘
398,109,佳冬鄉,昌南段,296,120.558368,22.442619,力暘
399,109,佳冬鄉,昌南段,439_2,120.55977,22.441692,力暘
400,109,佳冬鄉,武丁段,935,120.547294,22.443922,力暘
401,109,佳冬鄉,武丁段,984,120.54975,22.441302,力暘
402,109,佳冬鄉,武丁段,967,120.548448,22.441972,力暘
403,109,佳冬鄉,武丁段,897,120.54882,22.445667,力暘
404,109,佳冬鄉,武丁段,873,120.546183,22.446216,力暘
405,109,佳冬鄉,武丁段,874,120.5464,22.446026,力暘
406,109,佳冬鄉,武丁段,902,120.547248,22.4454,力暘
407,109,佳冬鄉,武丁段,903,120.546993,22.445344,力暘
408,109,佳冬鄉,武丁段,904,120.546784,22.445281,力暘
409,109,佳冬鄉,武丁段,975,120.54934,22.442314,力暘
410,109,佳冬鄉,武丁段,978,120.549677,22.442404,力暘
411,109,佳冬鄉,武丁段,970,120.548196,22.441649,力暘
412,109,佳冬鄉,武丁段,934,120.547031,22.44384,力暘
413,109,佳冬鄉,武丁段,988,120.550255,22.441554,力暘
414,109,佳冬鄉,武丁段,989,120.550415,22.441113,力暘
415,109,佳冬鄉,武丁段,992,120.550242,22.440538,力暘
416,109,佳冬鄉,新埔段,927,120.543465,22.439526,力暘
417,109,佳冬鄉,新埔段,926,120.543787,22.439581,力暘
418,109,佳冬鄉,新埔段,883-2,120.54468,22.440104,力暘
419,109,佳冬鄉,新埔段,883,120.544866,22.440337,力暘
420,109,佳冬鄉,新埔段,1265-2,120.545426,22.439866,力暘
421,109,佳冬鄉,新埔段,857,120.541402,22.443609,力暘
422,109,佳冬鄉,新埔段,858,120.5417,22.443265,力暘
423,109,佳冬鄉,新埔段,544,120.542793,22.444081,力暘
424,109,佳冬鄉,新埔段,517,120.542831,22.4444,力暘
425,109,佳冬鄉,武丁段,939,120.546444,22.443688,力暘
426,109,佳冬鄉,武丁段,867,120.544886,22.446154,力暘
427,109,佳冬鄉,武丁段,868,120.545038,22.446136,力暘
428,109,佳冬鄉,武丁段,865,120.544858,22.446875,力暘
429,109,佳冬鄉,武丁段,802,120.546955,22.449245,力暘
430,109,佳冬鄉,武丁段,797,120.5473,22.449306,力暘
431,109,佳冬鄉,武丁段,796,120.547508,22.449506,力暘
432,109,佳冬鄉,武丁段,798,120.547201,22.449758,力暘
433,109,佳冬鄉,武丁段,800,120.546925,22.449938,力暘
434,109,佳冬鄉,武丁段,793,120.54773,22.449712,力暘
435,109,佳冬鄉,武丁段,780,120.549297,22.45059,力暘
436,109,佳冬鄉,武丁段,782,120.549616,22.449731,力暘
437,109,佳冬鄉,武丁段,824,120.549469,22.448782,力暘
438,109,佳冬鄉,武丁段,826,120.549885,22.448541,力暘
439,109,佳冬鄉,昌南段,26,120.551639,22.44946,力暘
440,109,佳冬鄉,昌南段,15,120.553677,22.450063,力暘
441,109,佳冬鄉,武丁段,185,120.552936,22.452627,力暘
442,109,佳冬鄉,武丁段,187,120.553371,22.451592,力暘
443,109,佳冬鄉,武丁段,189,120.553693,22.451261,力暘
444,109,佳冬鄉,武丁段,979-1,120.550011,22.441858,力暘
445,109,佳冬鄉,昌南段,224-1,120.550665,22.44292,力暘
446,109,佳冬鄉,昌南段,227,120.550955,22.442908,力暘
447,109,佳冬鄉,昌南段,228,120.551031,22.443325,力暘
448,109,佳冬鄉,昌南段,480,120.554738,22.439706,力暘
449,109,佳冬鄉,昌南段,501,120.55551,22.44154,力暘
450,109,佳冬鄉,昌南段,154,120.552937,22.445776,力暘
451,109,佳冬鄉,昌南段,145,120.553369,22.445797,力暘
452,109,佳冬鄉,昌南段,144,120.553749,22.445814,力暘
453,109,佳冬鄉,昌南段,153,120.552568,22.446465,力暘
454,109,佳冬鄉,武丁段,915,120.547809,22.444593,力暘
455,109,佳冬鄉,武丁段,915-1,120.547898,22.444475,力暘
456,109,佳冬鄉,內館段,115,120.530909,22.432519,力暘
457,109,佳冬鄉,內館段,56,120.530749,22.433209,力暘
458,109,佳冬鄉,新埔段,1213,120.536321,22.437154,力暘
459,109,佳冬鄉,新埔段,1026,120.537182,22.438628,力暘
460,109,佳冬鄉,新埔段,822,120.536555,22.441323,力暘
461,109,佳冬鄉,新埔段,824,120.536635,22.44068,力暘
462,109,佳冬鄉,武丁段,678,120.533283,22.444052,力暘
463,109,佳冬鄉,新埔段,408,120.533791,22.44512,力暘
464,109,佳冬鄉,新埔段,407,120.534242,22.445217,力暘
465,109,佳冬鄉,新埔段,405,120.534326,22.445432,力暘
466,109,佳冬鄉,新埔段,406,120.534145,22.445538,力暘
467,109,佳冬鄉,新埔段,400,120.534791,22.445524,力暘
468,109,佳冬鄉,新埔段,642-1,120.536731,22.444012,力暘
469,109,佳冬鄉,新埔段,860,120.542196,22.4437,力暘
470,109,佳冬鄉,新埔段,10,120.542202,22.448752,力暘
471,109,佳冬鄉,武丁段,672,120.541537,22.45105,力暘
472,109,佳冬鄉,武丁段,677,120.543299,22.451067,力暘
473,109,佳冬鄉,武丁段,736,120.546419,22.450481,力暘
474,109,佳冬鄉,武丁段,735-1,120.545999,22.450746,力暘
475,109,佳冬鄉,武丁段,725,120.545884,22.451478,力暘
476,109,佳冬鄉,武丁段,711,120.546048,22.451981,力暘
477,109,佳冬鄉,武丁段,708-5,120.546659,22.452252,力暘
478,109,佳冬鄉,武丁段,708-4,120.546953,22.452354,力暘
479,109,佳冬鄉,武丁段,708-3,120.547131,22.452395,力暘
480,109,佳冬鄉,武丁段,708-2,120.547317,22.452438,力暘
481,109,佳冬鄉,武丁段,708-1,120.547503,22.452481,力暘
482,109,佳冬鄉,武丁段,708,120.547399,22.452261,力暘
483,109,佳冬鄉,武丁段,702,120.548372,22.452409,力暘
484,109,佳冬鄉,武丁段,133,120.550461,22.454255,力暘
485,109,佳冬鄉,武丁段,132,120.550635,22.45452,力暘
486,109,佳冬鄉,武丁段,33_9,120.548766,22.456357,力暘
487,109,佳冬鄉,武丁段,33_8,120.548985,22.456413,力暘
488,109,佳冬鄉,武丁段,21-42,120.547322,22.456901,力暘
489,109,佳冬鄉,武丁段,21-29,120.547896,22.45699,力暘
490,109,佳冬鄉,武丁段,21-27,120.548133,22.45704,力暘
491,109,佳冬鄉,武丁段,23,120.548513,22.457145,力暘
492,109,佳冬鄉,武丁段,21-23,120.548719,22.457218,力暘
493,109,佳冬鄉,武丁段,21-19,120.549684,22.457436,力暘
494,109,佳冬鄉,武丁段,14,120.549031,22.458655,力暘
495,109,佳冬鄉,武丁段,17,120.548359,22.458325,力暘
496,109,佳冬鄉,武丁段,20,120.547774,22.45815,力暘
497,109,佳冬鄉,武丁段,21-33,120.546956,22.457877,力暘
498,109,佳冬鄉,武丁段,322,120.545469,22.456539,力暘
499,109,佳冬鄉,武丁段,25,120.546192,22.457286,力暘
500,109,佳冬鄉,武丁段,25_5,120.546027,22.457939,力暘
501,109,佳冬鄉,武丁段,948,120.545014,22.442531,力暘
502,109,佳冬鄉,武丁段,950,120.545202,22.442355,力暘
503,109,佳冬鄉,武丁段,951,120.545329,22.442262,力暘
504,109,佳冬鄉,武丁段,954,120.546037,22.442353,力暘
505,109,佳冬鄉,武丁段,955-1,120.54623,22.442217,力暘
506,109,佳冬鄉,新埔段,492,120.54308,22.44599,力暘
507,109,佳冬鄉,新埔段,533_2,120.546041,22.444317,力暘
508,109,佳冬鄉,新埔段,1173,120.53213,22.435411,力暘
509,109,佳冬鄉,新埔段,1054_4,120.531293,22.438454,力暘
510,109,佳冬鄉,新埔段,1057,120.531292,22.438133,力暘
511,109,佳冬鄉,新埔段,471,120.53931,22.447175,力暘
512,109,佳冬鄉,新埔段,591,120.54114,22.444712,力暘
513,109,佳冬鄉,新埔段,592,120.541314,22.445113,力暘
514,109,佳冬鄉,新埔段,1054,120.531659,22.438625,力暘
515,109,佳冬鄉,新埔段,1047_1,120.531614,22.439705,力暘
516,109,佳冬鄉,新埔段,1047,120.531698,22.439033,力暘
517,109,佳冬鄉,新埔段,624,120.538752,22.443309,力暘
518,109,佳冬鄉,新埔段,528,120.546229,22.443853,力暘
519,109,佳冬鄉,新埔段,839,120.538366,22.44269,力暘
520,109,佳冬鄉,新埔段,968,120.540538,22.440798,力暘
521,109,佳冬鄉,新埔段,614,120.539123,22.445143,力暘
522,109,佳冬鄉,新埔段,617,120.538569,22.444757,力暘
523,109,佳冬鄉,新埔段,691,120.533538,22.443753,力暘
524,109,佳冬鄉,新埔段,692,120.533493,22.443532,力暘
525,109,佳冬鄉,新埔段,833,120.537896,22.442413,力暘
526,109,佳冬鄉,新埔段,835,120.538288,22.441585,力暘
527,109,佳冬鄉,新埔段,28,120.541016,22.449067,力暘
528,109,佳冬鄉,新埔段,69,120.537608,22.450137,力暘
529,110,佳冬鄉,昌南段,297,120.558675,22.442532,力暘
530,110,佳冬鄉,昌南段,467,120.556591,22.440247,力暘
531,110,佳冬鄉,昌南段,468,120.556495,22.440837,力暘
532,110,佳冬鄉,昌南段,470,120.556267,22.440561,力暘
533,110,佳冬鄉,昌南段,471,120.556308,22.441235,力暘
534,110,佳冬鄉,昌南段,472,120.556157,22.441202,力暘
535,110,佳冬鄉,新埔段,542,120.543887,22.444293,力暘
536,110,佳冬鄉,新埔段,602,120.541143,22.444068,力暘
537,110,佳冬鄉,新埔段,877,120.542576,22.442059,力暘
538,110,佳冬鄉,新埔段,1204,120.53601,22.436393,力暘
539,110,佳冬鄉,新埔段,1205,120.536217,22.435848,力暘
540,110,佳冬鄉,新埔段,1209,120.53655,22.436248,力暘
541,110,佳冬鄉,新埔段,1210,120.536512,22.435952,力暘
542,110,佳冬鄉,新埔段,1216,120.536712,22.436355,力暘
543,110,佳冬鄉,武丁段,805,120.54628,22.449297,力暘
544,110,佳冬鄉,武丁段,809,120.54609,22.448681,力暘
545,110,佳冬鄉,武丁段,816,120.548263,22.448325,力暘
546,110,佳冬鄉,武丁段,855,120.546549,22.448,力暘
547,110,佳冬鄉,武丁段,857,120.546332,22.447496,力暘
548,110,佳冬鄉,武丁段,863,120.544823,22.448112,力暘
549,110,佳冬鄉,武丁段,888,120.551153,22.445405,力暘
550,110,佳冬鄉,武丁段,911,120.548374,22.445197,力暘
551,110,佳冬鄉,武丁段,953,120.546271,22.442641,力暘
552,110,佳冬鄉,佳和段,2082,120.533508,22.429893,力暘
553,110,佳冬鄉,佳和段,2081,120.533716,22.429991,力暘
554,110,佳冬鄉,佳和段,2078,120.534152,22.430187,力暘
555,110,佳冬鄉,佳和段,2077,120.534249,22.430229,力暘
556,110,佳冬鄉,佳和段,2132,120.534117,22.428955,力暘
557,110,佳冬鄉,塭豐段,80,120.535569,22.422842,力暘
558,110,佳冬鄉,塭豐段,81,120.535716,22.422746,力暘
559,110,佳冬鄉,佳和段,2395,120.53826,22.42457,力暘
560,110,佳冬鄉,佳和段,1324,120.542915,22.431423,力暘
561,111,佳冬鄉,新埔段,541,120.544331,22.444325,力暘
562,111,佳冬鄉,昌南段,49,120.553247,22.447993,力暘
563,111,佳冬鄉,昌南段,19,120.5529,22.449821,力暘
564,111,佳冬鄉,內館段,67_1,120.533012,22.434835,力暘
565,111,佳冬鄉,新埔段,1166,120.531052,22.436395,力暘
566,111,佳冬鄉,新埔段,510,120.544667,22.44545,力暘
567,111,佳冬鄉,武丁段,856,120.546748,22.447291,力暘
568,111,佳冬鄉,武丁段,779,120.548944,22.451189,力暘
569,108,林邊鄉,鎮安段,919,120.501396,22.451293,寶晶
570,108,林邊鄉,鎮安段,949,120.502005,22.451357,寶晶
571,108,林邊鄉,鎮安段,950,120.502222,22.451015,寶晶
572,108,林邊鄉,鎮安段,951,120.501591,22.450889,寶晶
573,108,林邊鄉,鎮安段,963,120.502688,22.450413,寶晶
574,108,林邊鄉,鎮安段,1007-1,120.504898,22.452479,寶晶
575,108,林邊鄉,鎮安段,1017-1,120.50586,22.451307,寶晶
576,108,林邊鄉,鎮安段,1027,120.506458,22.451653,寶晶
577,108,林邊鄉,鎮安段,1033,120.506397,22.453369,寶晶
578,108,林邊鄉,鎮安段,1044,120.507719,22.453436,寶晶
579,108,林邊鄉,鎮安段,1045,120.508143,22.453091,寶晶
580,108,林邊鄉,鎮安段,1070,120.509067,22.454955,寶晶
581,108,林邊鄉,鎮安段,1071,120.509252,22.454514,寶晶
582,108,林邊鄉,鎮安段,1078,120.50938,22.453488,寶晶
583,108,林邊鄉,鎮安段,1080,120.50884,22.453799,寶晶
584,108,林邊鄉,鎮安段,1081,120.508543,22.453519,寶晶
585,108,林邊鄉,鎮安段,1083,120.509046,22.453254,寶晶
586,108,林邊鄉,鎮安段,1099,120.509594,22.452713,寶晶
587,108,林邊鄉,鎮安段,1103,120.509039,22.452201,寶晶
588,108,林邊鄉,鎮安段,1111,120.508171,22.451677,寶晶
589,108,林邊鄉,鎮安段,1231,120.503807,22.449379,寶晶
590,108,林邊鄉,鎮安段,915,120.501074,22.451323,寶晶
591,109,林邊鄉,鎮安段,961,120.502198,22.450314,寶晶
592,109,林邊鄉,鎮安段,997_1,120.504597,22.451386,寶晶
593,109,林邊鄉,鎮安段,1002,120.505475,22.451658,寶晶
594,109,林邊鄉,鎮安段,1003,120.505009,22.451724,寶晶
595,109,林邊鄉,鎮安段,1006,120.5045,22.45217,寶晶
596,109,林邊鄉,鎮安段,1014,120.505064,22.452184,寶晶
597,109,林邊鄉,鎮安段,1046,120.508096,22.453709,寶晶
598,109,林邊鄉,鎮安段,1102,120.50904,22.452421,寶晶
599,109,林邊鄉,鎮安段,1107_2,120.508294,22.452321,寶晶
600,109,林邊鄉,鎮安段,1107_3,120.507655,22.451924,寶晶
601,109,林邊鄉,鎮林段,552_1,120.507014,22.441621,寶晶
602,109,林邊鄉,鎮林段,555_1,120.506831,22.441612,寶晶
603,109,林邊鄉,鎮林段,558,120.506634,22.442389,寶晶
604,109,林邊鄉,鎮林段,558_1,120.506639,22.441603,寶晶
605,109,林邊鄉,富田段,74,120.510248,22.438203,寶晶
606,109,林邊鄉,富田段,86,120.508741,22.438864,寶晶
607,109,林邊鄉,富田段,117,120.507937,22.437181,寶晶
608,109,林邊鄉,富田段,118,120.507974,22.436658,寶晶
609,109,林邊鄉,富田段,120,120.508434,22.437057,寶晶
610,109,林邊鄉,富田段,121,120.50877,22.437224,寶晶
611,109,林邊鄉,富田段,129,120.509321,22.437151,寶晶
612,109,林邊鄉,富田段,576,120.501262,22.439457,寶晶
613,109,林邊鄉,富田段,577,120.501079,22.439378,寶晶
614,109,林邊鄉,富田段,578,120.501074,22.439933,寶晶
615,109,林邊鄉,富田段,579,120.501159,22.440292,寶晶
616,109,林邊鄉,富田段,593_4,120.501302,22.438516,寶晶
617,109,林邊鄉,富田段,619,120.501872,22.43718,寶晶
618,109,林邊鄉,富田段,625,120.501857,22.436941,寶晶
619,109,林邊鄉,富田段,631,120.501835,22.436463,寶晶
620,109,林邊鄉,富田段,632,120.501674,22.436191,寶晶
621,109,林邊鄉,富田段,632_1,120.501269,22.435567,寶晶
622,109,林邊鄉,富田段,644,120.501534,22.435261,寶晶
623,109,林邊鄉,富田段,645,120.501774,22.435487,寶晶
624,109,林邊鄉,富田段,646,120.501772,22.435797,寶晶
625,109,林邊鄉,富田段,649,120.503152,22.435834,寶晶
626,109,林邊鄉,富田段,650,120.502516,22.435808,寶晶
627,109,林邊鄉,富田段,651,120.502513,22.43545,寶晶
628,109,林邊鄉,富田段,652,120.502489,22.435081,寶晶
629,109,林邊鄉,富田段,654,120.503165,22.43549,寶晶
630,109,林邊鄉,銀放索段,103,120.495398,22.427352,寶晶
631,110,林邊鄉,成功段,132,120.499831,22.433882,寶晶
632,110,林邊鄉,成功段,131,120.500124,22.433894,寶晶
633,110,林邊鄉,富田段,712,120.50056,22.433866,寶晶
634,110,林邊鄉,富田段,492,120.505535,22.436182,寶晶
635,110,林邊鄉,富田段,493,120.505388,22.435778,寶晶
636,110,林邊鄉,富田段,665,120.505405,22.435509,寶晶
637,110,林邊鄉,富田段,479-1,120.506014,22.435726,寶晶
638,110,林邊鄉,富田段,479,120.50604,22.435947,寶晶
639,110,林邊鄉,富田段,480,120.506455,22.435868,寶晶
640,110,林邊鄉,富田段,477,120.506724,22.435884,寶晶
641,110,林邊鄉,富田段,481,120.506635,22.436265,寶晶
642,110,林邊鄉,富田段,494-1,120.505152,22.436142,寶晶
643,110,林邊鄉,富田段,476,120.506865,22.436289,寶晶
644,110,林邊鄉,富田段,664,120.504635,22.435765,寶晶
645,110,林邊鄉,富田段,657,120.504738,22.436489,寶晶
646,110,林邊鄉,富田段,658,120.504033,22.436454,寶晶
647,110,林邊鄉,富田段,495,120.504924,22.436818,寶晶
648,110,林邊鄉,富田段,496,120.505111,22.436876,寶晶
649,110,林邊鄉,下庄段,577,120.525913,22.453255,寶晶
650,110,林邊鄉,富田段,497-1,120.505443,22.436926,寶晶
651,110,林邊鄉,富田段,497-2,120.505622,22.43697,寶晶
652,110,林邊鄉,富田段,502,120.505826,22.437034,寶晶
653,110,林邊鄉,富田段,501,120.5059,22.436693,寶晶
654,110,林邊鄉,富田段,500,120.505717,22.436676,寶晶
655,110,林邊鄉,富田段,511,120.50483,22.437205,寶晶
656,110,林邊鄉,富田段,510,120.5052,22.437271,寶晶
657,110,林邊鄉,富田段,509,120.505744,22.437278,寶晶
658,110,林邊鄉,富田段,516-1,120.50558,22.437442,寶晶
659,110,林邊鄉,富田段,516,120.506085,22.437534,寶晶
660,110,林邊鄉,下庄段,608,120.529058,22.45159,寶晶
661,110,林邊鄉,富田段,518,120.506604,22.43774,寶晶
662,110,林邊鄉,富田段,519-1,120.506492,22.437783,寶晶
663,110,林邊鄉,富田段,515-1,120.505887,22.43772,寶晶
664,110,林邊鄉,富田段,514,120.505107,22.437612,寶晶
665,110,林邊鄉,富田段,513,120.505075,22.437973,寶晶
666,110,林邊鄉,富田段,512,120.50478,22.437771,寶晶
667,110,林邊鄉,富田段,521,120.505802,22.438262,寶晶
668,110,林邊鄉,富田段,525,120.505762,22.4385,寶晶
669,110,林邊鄉,富田段,526,120.506354,22.438524,寶晶
670,110,林邊鄉,富田段,100,120.506525,22.438299,寶晶
671,110,林邊鄉,富田段,522,120.505034,22.438328,寶晶
672,110,林邊鄉,富田段,523,120.504694,22.438479,寶晶
673,110,林邊鄉,富田段,524,120.505008,22.438686,寶晶
674,110,林邊鄉,富田段,527,120.506296,22.438866,寶晶
675,110,林邊鄉,富田段,528,120.50571,22.438908,寶晶
676,110,林邊鄉,富田段,551-1,120.505433,22.43914,寶晶
677,110,林邊鄉,富田段,551,120.505411,22.439406,寶晶
678,110,林邊鄉,富田段,533,120.505976,22.439573,寶晶
679,110,林邊鄉,富田段,550,120.505374,22.439689,寶晶
680,110,林邊鄉,富田段,549,120.505125,22.439906,寶晶
681,110,林邊鄉,富田段,534,120.505949,22.439762,寶晶
682,110,林邊鄉,富田段,97,120.507171,22.438691,寶晶
683,110,林邊鄉,富田段,Feb-32,120.507391,22.438591,寶晶
684,110,林邊鄉,富田段,102,120.50698,22.438153,寶晶
685,110,林邊鄉,富田段,98,120.506915,22.438769,寶晶
686,110,林邊鄉,富田段,Jan-32,120.507399,22.439056,寶晶
687,110,林邊鄉,富田段,Jan-34,120.50765,22.438793,寶晶
688,110,林邊鄉,富田段,31,120.507186,22.439214,寶晶
689,110,林邊鄉,富田段,4月27日,120.506644,22.439416,寶晶
690,110,林邊鄉,富田段,30,120.507218,22.439602,寶晶
691,110,林邊鄉,富田段,32,120.507399,22.439555,寶晶
692,110,林邊鄉,富田段,34,120.507656,22.439531,寶晶
693,110,林邊鄉,富田段,37,120.508294,22.440008,寶晶
694,110,林邊鄉,富田段,36,120.508003,22.439994,寶晶
695,110,林邊鄉,富田段,29,120.507208,22.440034,寶晶
696,110,林邊鄉,富田段,20,120.507792,22.440644,寶晶
697,110,林邊鄉,富田段,24,120.507123,22.440555,寶晶
698,110,林邊鄉,富田段,3月26日,120.506935,22.440538,寶晶
699,110,林邊鄉,富田段,1月26日,120.506376,22.440487,寶晶
700,110,林邊鄉,富田段,26,120.506101,22.44046,寶晶
701,110,林邊鄉,富田段,482,120.506604,22.43663,寶晶
702,110,林邊鄉,富田段,111,120.506979,22.436679,寶晶
703,110,林邊鄉,富田段,108,120.507005,22.437094,寶晶
704,110,林邊鄉,富田段,113,120.507467,22.437137,寶晶
705,110,林邊鄉,富田段,103,120.506995,22.437788,寶晶
706,110,林邊鄉,富田段,95,120.507951,22.437974,寶晶
707,110,林邊鄉,富田段,115,120.507654,22.43757,寶晶
708,110,林邊鄉,富田段,96,120.507457,22.438028,寶晶
709,110,林邊鄉,富田段,94,120.507909,22.43856,寶晶
710,110,林邊鄉,富田段,85,120.508376,22.439131,寶晶
711,110,林邊鄉,富田段,535,120.50623,22.439922,寶晶
712,110,林邊鄉,富田段,553,120.504272,22.439278,寶晶
713,110,林邊鄉,富田段,555,120.503952,22.439551,寶晶
714,110,林邊鄉,富田段,554,120.504524,22.439602,寶晶
715,110,林邊鄉,富田段,548,120.504539,22.439856,寶晶
716,110,林邊鄉,富田段,557,120.503639,22.439965,寶晶
717,110,林邊鄉,富田段,558,120.503986,22.440406,寶晶
718,110,林邊鄉,富田段,560,120.503521,22.440388,寶晶
719,110,林邊鄉,富田段,620,120.502658,22.4372,寶晶
720,110,林邊鄉,富田段,618,120.502581,22.437397,寶晶
721,110,林邊鄉,富田段,617,120.502579,22.437533,寶晶
722,110,林邊鄉,富田段,614,120.502558,22.437688,寶晶
723,110,林邊鄉,富田段,613,120.502554,22.437854,寶晶
724,110,林邊鄉,富田段,615,120.503237,22.437792,寶晶
725,110,林邊鄉,富田段,609-1,120.503553,22.43787,寶晶
726,110,林邊鄉,富田段,609-2,120.503455,22.438527,寶晶
727,110,林邊鄉,富田段,611,120.502843,22.438376,寶晶
728,110,林邊鄉,富田段,612,120.502445,22.438384,寶晶
729,110,林邊鄉,富田段,608,120.503684,22.438127,寶晶
730,110,林邊鄉,富田段,607-1,120.50384,22.438184,寶晶
731,110,林邊鄉,富田段,607,120.504073,22.437863,寶晶
732,110,林邊鄉,富田段,606,120.504334,22.437795,寶晶
733,110,林邊鄉,富田段,605,120.504545,22.437871,寶晶
734,110,林邊鄉,富田段,604,120.503516,22.439202,寶晶
735,110,林邊鄉,富田段,603,120.503249,22.43913,寶晶
736,110,林邊鄉,富田段,602,120.503053,22.439087,寶晶
737,110,林邊鄉,富田段,601,120.502668,22.439014,寶晶
738,110,林邊鄉,富田段,574,120.502983,22.439456,寶晶
739,110,林邊鄉,富田段,584,120.500731,22.438865,寶晶
740,110,林邊鄉,富田段,583,120.500905,22.43888,寶晶
741,110,林邊鄉,富田段,596,120.501803,22.438039,寶晶
742,110,林邊鄉,富田段,595,120.501772,22.437602,寶晶
743,110,林邊鄉,鎮林段,265-1,120.51168,22.448059,寶晶
744,110,林邊鄉,鎮林段,257,120.512429,22.448039,寶晶
745,110,林邊鄉,鎮林段,252,120.512947,22.44878,寶晶
746,110,林邊鄉,鎮林段,262,120.511955,22.446281,寶晶
747,110,林邊鄉,鎮林段,118-11,120.516582,22.447411,寶晶
748,110,林邊鄉,鎮林段,111,120.517946,22.446813,寶晶
749,110,林邊鄉,鎮林段,130,120.516125,22.44601,寶晶
750,110,林邊鄉,鎮林段,115,120.518146,22.448161,寶晶
751,110,林邊鄉,下庄段,610,120.528964,22.451205,寶晶
752,110,林邊鄉,下庄段,611,120.529057,22.450979,寶晶
753,110,林邊鄉,下庄段,608,120.529058,22.45159,寶晶
754,110,林邊鄉,下庄段,605,120.528541,22.451898,寶晶
755,110,林邊鄉,下庄段,606,120.528917,22.451907,寶晶
756,110,林邊鄉,下庄段,607,120.529119,22.451988,寶晶
757,110,林邊鄉,下庄段,604,120.528398,22.452074,寶晶
758,110,林邊鄉,下庄段,646,120.526207,22.451689,寶晶
759,110,林邊鄉,下庄段,655,120.525892,22.451637,寶晶
760,110,林邊鄉,下庄段,659,120.525536,22.451747,寶晶
761,110,林邊鄉,下庄段,645,120.526308,22.451999,寶晶
762,110,林邊鄉,下庄段,656,120.526142,22.452263,寶晶
763,110,林邊鄉,下庄段,657,120.525967,22.45232,寶晶
764,110,林邊鄉,下庄段,660,120.525578,22.452647,寶晶
765,110,林邊鄉,下庄段,575,120.525875,22.452884,寶晶
766,110,林邊鄉,下庄段,576,120.525756,22.453197,寶晶
767,110,林邊鄉,下庄段,577,120.525913,22.453255,寶晶
768,110,林邊鄉,下庄段,572,120.525288,22.453345,寶晶
769,110,林邊鄉,下庄段,571,120.525244,22.453146,寶晶
770,110,林邊鄉,內庄段,381-2,120.520259,22.454058,寶晶
771,110,林邊鄉,內庄段,193,120.513593,22.45656,寶晶
772,110,林邊鄉,鎮安段,601,120.507805,22.457719,寶晶
773,110,林邊鄉,鎮安段,889,120.499781,22.452397,寶晶
774,110,林邊鄉,鎮安段,877,120.500019,22.452758,寶晶
775,110,林邊鄉,鎮安段,871,120.500397,22.453617,寶晶
776,110,林邊鄉,鎮安段,869,120.500055,22.453913,寶晶
777,110,林邊鄉,鎮安段,840,120.500943,22.455005,寶晶
778,110,林邊鄉,鎮安段,839,120.500788,22.45505,寶晶
779,110,林邊鄉,鎮安段,815-2,120.501199,22.455086,寶晶
780,111,林邊鄉,鎮林段,251,120.513141,22.447689,寶晶
781,111,林邊鄉,鎮林段,260,120.512195,22.448026,寶晶
782,111,林邊鄉,內庄段,770,120.511868,22.449239,寶晶
783,111,林邊鄉,內庄段,756,120.513844,22.449419,寶晶
784,111,林邊鄉,鎮林段,221,120.515586,22.446416,寶晶
785,111,林邊鄉,鎮林段,129,120.515886,22.446291,寶晶
786,111,林邊鄉,鎮林段,115-2,120.517793,22.447576,寶晶
787,111,林邊鄉,下庄段,832,120.523166,22.447385,寶晶
788,111,林邊鄉,下庄段,819,120.523534,22.447387,寶晶
789,111,林邊鄉,下庄段,814,120.523852,22.448097,寶晶
790,111,林邊鄉,下庄段,766-1,120.524236,22.448163,寶晶
791,111,佳冬鄉,復興段一小段,47,120.525671,22.44718,寶晶
792,111,林邊鄉,下庄段,766-2,120.524572,22.448775,寶晶
793,111,林邊鄉,下庄段,767,120.524309,22.449146,寶晶
794,111,林邊鄉,內庄段,504,120.519269,22.454084,寶晶
795,111,林邊鄉,內庄段,386,120.519938,22.454723,寶晶
796,111,林邊鄉,內庄段,387,120.520304,22.454815,寶晶
797,111,林邊鄉,鎮安段,1028,120.506766,22.451675,寶晶
798,111,林邊鄉,鎮安段,1030,120.506837,22.452313,寶晶
799,111,林邊鄉,鎮安段,1107,120.507511,22.452351,寶晶
800,111,林邊鄉,鎮安段,1043,120.507444,22.45344,寶晶
801,111,東港鎮,大潭新庄段,171,120.497375,22.45302,寶晶
802,111,東港鎮,大潭新庄段,167,120.497263,22.453375,寶晶
803,111,東港鎮,大潭新庄段,176,120.49789,22.453812,寶晶
804,111,東港鎮,大潭新庄段,160,120.497921,22.45411,寶晶
805,111,林邊鄉,鎮安段,838,120.499723,22.454953,寶晶
806,111,林邊鄉,鎮安段,838-1,120.500055,22.454965,寶晶
807,111,林邊鄉,鎮安段,838-2,120.500439,22.454975,寶晶
808,111,林邊鄉,鎮安段,865,120.50097,22.454484,寶晶
809,111,東港鎮,大潭新庄段,9_1,120.496424,22.459756,寶晶
810,111,東港鎮,大潭新庄段,9_7,120.497733,22.459381,寶晶
811,111,東港鎮,大潭新庄段,12_1,120.498225,22.460133,寶晶
812,111,林邊鄉,鎮安段,590,120.507749,22.456933,寶晶
813,111,林邊鄉,內庄段,440,120.512091,22.454528,寶晶
814,111,林邊鄉,內庄段,74_2,120.512775,22.458151,寶晶
815,111,林邊鄉,內庄段,85,120.512604,22.457832,寶晶
816,111,林邊鄉,內庄段,82,120.512057,22.457413,寶晶
817,109,東港鎮,三和段,113,120.482505,22.471307,元昱
818,109,東港鎮,三和段,109,120.482553,22.470312,元昱
819,109,枋寮鄉,玉泉段,811,120.613516,22.412003,星耀
820,109,枋寮鄉,玉泉段,810,120.612449,22.412977,星耀
821,109,枋寮鄉,新開村段,24_2,120.614029,22.408992,星耀
822,109,枋寮鄉,新開村段,24_7,120.614515,22.410119,星耀
823,109,枋寮鄉,新開村段,24_3,120.615454,22.40994,星耀
824,109,枋寮鄉,新開村段,24_4,120.616813,22.410724,星耀
825,109,枋寮鄉,新開村段,24,120.616529,22.41034,星耀
826,109,枋寮鄉,新開村段,24_10,120.617727,22.411571,星耀
827,109,枋寮鄉,新開村段,24_9,120.617887,22.411543,星耀
828,109,枋寮鄉,新開村段,24_8,120.618752,22.411183,星耀
829,109,枋寮鄉,新開村段,24_5,120.619468,22.411,星耀
830,109,枋寮鄉,新開村段,24_1,120.620256,22.41054,星耀
831,109,枋寮鄉,新開村段,13_16,120.619971,22.411725,星耀
832,109,枋寮鄉,新開村段,13_11,120.619525,22.411904,星耀
833,109,枋寮鄉,新開村段,24_6,120.618928,22.412214,星耀
834,109,枋寮鄉,新開村段,13_18,120.619479,22.412798,星耀
835,109,枋寮鄉,新開村段,13_19,120.621139,22.412463,星耀
836,109,枋寮鄉,新開村段,13_9,120.621876,22.413132,星耀
837,109,枋寮鄉,新開村段,13_5,120.621753,22.413419,星耀
838,109,枋寮鄉,新開村段,13_13,120.621679,22.413915,星耀
839,109,枋寮鄉,新開村段,13_12,120.620084,22.413438,星耀
840,109,枋寮鄉,玉泉段,689,120.618982,22.417375,星耀
841,109,枋寮鄉,新開村段,13_7,120.620573,22.413704,星耀
842,109,枋寮鄉,新開村段,13_10,120.619355,22.413701,星耀
843,109,枋寮鄉,玉泉段,814,120.61407,22.412848,星耀
844,109,枋寮鄉,玉泉段,813,120.61435,22.412917,星耀
845,109,枋寮鄉,玉泉段,816,120.614373,22.412544,星耀
846,109,枋寮鄉,玉泉段,817,120.614657,22.412402,星耀
847,109,枋寮鄉,玉泉段,815,120.615167,22.412665,星耀
848,109,枋寮鄉,玉泉段,818,120.615879,22.412166,星耀
849,109,枋寮鄉,玉泉段,804,120.615948,22.413828,星耀
850,109,枋寮鄉,玉泉段,794,120.616284,22.413992,星耀
851,109,枋寮鄉,玉泉段,803,120.616528,22.41404,星耀
852,109,枋寮鄉,玉泉段,793,120.616781,22.414226,星耀
853,109,枋寮鄉,玉泉段,802,120.617083,22.414265,星耀
854,109,枋寮鄉,玉泉段,790,120.615352,22.414206,星耀
855,109,枋寮鄉,玉泉段,795,120.615415,22.413724,星耀
856,109,枋寮鄉,玉泉段,805,120.614674,22.413403,星耀
857,109,枋寮鄉,玉泉段,796,120.614988,22.413484,星耀
858,109,枋寮鄉,玉泉段,797,120.614118,22.413406,星耀
859,109,枋寮鄉,玉泉段,807,120.61355,22.413363,星耀
860,109,枋寮鄉,玉泉段,798,120.613875,22.413595,星耀
861,109,枋寮鄉,玉泉段,806,120.613498,22.413468,星耀
862,109,枋寮鄉,玉泉段,800,120.613497,22.413586,星耀
863,109,枋寮鄉,玉泉段,799,120.61347,22.413711,星耀
864,109,枋寮鄉,玉泉段,808,120.613325,22.413415,星耀
865,109,枋寮鄉,玉泉段,801,120.613419,22.413571,星耀
866,109,枋寮鄉,玉泉段,792,120.613436,22.413845,星耀
867,109,枋寮鄉,玉泉段,787,120.613922,22.414655,星耀
868,109,枋寮鄉,玉泉段,786,120.614203,22.414669,星耀
869,109,枋寮鄉,玉泉段,780,120.613232,22.414996,星耀
870,109,枋寮鄉,玉泉段,789,120.615023,22.414433,星耀
871,109,枋寮鄉,玉泉段,784,120.614949,22.414466,星耀
872,109,枋寮鄉,玉泉段,782,120.616947,22.415282,星耀
873,109,枋寮鄉,玉泉段,777,120.616205,22.416339,星耀
874,109,枋寮鄉,玉泉段,775,120.616477,22.416568,星耀
875,109,枋寮鄉,玉泉段,774,120.616865,22.416804,星耀
876,109,枋寮鄉,玉泉段,773,120.617353,22.416974,星耀
877,109,枋寮鄉,玉泉段,772,120.617359,22.416835,星耀
878,109,枋寮鄉,玉泉段,771,120.618423,22.417513,星耀
879,109,枋寮鄉,玉泉段,770,120.618524,22.417631,星耀
880,109,枋寮鄉,玉泉段,769,120.618606,22.417658,星耀
881,109,枋寮鄉,玉泉段,690,120.618718,22.417623,星耀
882,109,枋寮鄉,玉泉段,691,120.618693,22.417484,星耀
883,109,枋寮鄉,玉泉段,688,120.618812,22.41778,星耀
884,109,枋寮鄉,玉泉段,709,120.618679,22.417957,星耀
885,109,枋寮鄉,玉泉段,687,120.619108,22.418003,星耀
886,109,枋寮鄉,玉泉段,686,120.61948,22.418199,星耀
887,109,枋寮鄉,玉泉段,640,120.619481,22.419998,星耀
888,109,枋寮鄉,玉泉段,675,120.620607,22.419563,星耀
889,109,枋寮鄉,玉泉段,676,120.620175,22.419102,星耀
890,109,枋寮鄉,玉泉段,674,120.620649,22.419464,星耀
891,109,枋寮鄉,玉泉段,639,120.619011,22.42071,星耀
892,109,枋寮鄉,玉泉段,638,120.621551,22.420319,星耀
893,109,枋寮鄉,玉泉段,637,120.622161,22.422314,星耀
894,109,枋寮鄉,新開村段,8_3,120.623345,22.416684,星耀
895,109,枋寮鄉,新開村段,8_6,120.623684,22.416773,星耀
896,109,枋寮鄉,新開村段,8_7,120.623051,22.416323,星耀
897,109,枋寮鄉,新開村段,8_1,120.623331,22.41631,星耀
898,109,枋寮鄉,新開村段,8_5,120.624829,22.417154,星耀
899,109,枋寮鄉,新開村段,8_16,120.625031,22.417289,星耀
900,109,枋寮鄉,新開村段,8_19,120.624448,22.416185,星耀
901,109,枋寮鄉,新開村段,8_22,120.624249,22.415984,星耀
902,109,枋寮鄉,新開村段,8_2,120.621177,22.41706,星耀
903,109,枋寮鄉,新開村段,8_4,120.62156,22.417363,星耀
904,109,枋寮鄉,玉泉段,680,120.621819,22.417535,星耀
905,109,枋寮鄉,新開村段,8_18,120.621939,22.417495,星耀
906,109,枋寮鄉,玉泉段,679,120.622087,22.417792,星耀
907,109,枋寮鄉,新開村段,8_9,120.622012,22.41535,星耀
908,109,枋寮鄉,新開村段,8_15,120.622751,22.415063,星耀
909,109,枋寮鄉,新開村段,8_14,120.621982,22.415124,星耀
910,109,枋寮鄉,新開村段,13_8,120.621901,22.415005,星耀
911,109,枋寮鄉,新開村段,8_8,120.621754,22.415137,星耀
912,109,枋寮鄉,新開村段,13_2,120.621705,22.415086,星耀
913,109,枋寮鄉,新開村段,13_3,120.621293,22.415191,星耀
914,109,枋寮鄉,新開村段,8_12,120.621293,22.4153,星耀
915,109,枋寮鄉,玉泉段,685,120.620325,22.415694,星耀
916,109,枋寮鄉,新開村段,8_17,120.620807,22.415475,星耀
917,109,枋寮鄉,玉泉段,698,120.620269,22.415459,星耀
918,109,枋寮鄉,新開村段,13_4,120.620472,22.415052,星耀
919,109,枋寮鄉,玉泉段,700,120.620211,22.414739,星耀
920,109,枋寮鄉,玉泉段,702,120.619429,22.414386,星耀
921,109,枋寮鄉,玉泉段,701,120.619365,22.414708,星耀
922,109,枋寮鄉,玉泉段,705,120.617494,22.41471,星耀
923,109,枋寮鄉,玉泉段,706,120.61775,22.414299,星耀
924,109,枋寮鄉,玉泉段,704,120.617981,22.414936,星耀
925,109,枋寮鄉,玉泉段,703,120.617932,22.414694,星耀
926,109,枋寮鄉,玉泉段,957,120.618396,22.41681,星耀
927,109,枋寮鄉,玉泉段,689,120.618982,22.417375,星耀
928,109,枋寮鄉,玉泉段,958,120.618867,22.417426,星耀
929,109,枋寮鄉,玉泉段,696,120.61957,22.416288,星耀
930,109,枋寮鄉,玉泉段,695,120.618861,22.415974,星耀
931,109,枋寮鄉,玉泉段,693,120.618958,22.416621,星耀
932,109,枋寮鄉,玉泉段,684,120.620096,22.416088,星耀
933,109,枋寮鄉,玉泉段,683,120.620427,22.416516,星耀
934,109,枋寮鄉,新開村段,8_13,120.620561,22.416578,星耀
935,109,枋寮鄉,新開村段,8_21,120.620685,22.416545,星耀
936,109,枋寮鄉,玉泉段,682,120.620915,22.416796,星耀
937,109,枋寮鄉,玉泉段,681,120.620347,22.416588,星耀
938,109,枋寮鄉,新開村段,8_23,120.623066,22.417166,星耀
939,109,枋寮鄉,新開村段,8_11,120.622748,22.416147,星耀
940,109,枋寮鄉,新開村段,8_20,120.623653,22.415418,星耀
941,109,枋寮鄉,新開村段,8_10,120.623005,22.414835,星耀
942,109,枋寮鄉,新開村段,8,120.622822,22.415628,星耀
943,109,枋寮鄉,玉泉段,678,120.620573,22.418604,星耀
944,109,枋寮鄉,玉泉段,779,120.614296,22.415194,星耀
945,109,枋寮鄉,玉泉段,781,120.615842,22.414678,星耀
946,109,枋寮鄉,玉泉段,956,120.61743,22.413661,星耀
947,109,枋寮鄉,玉泉段,707,120.618539,22.414147,星耀
948,109,枋寮鄉,玉泉段,708,120.618543,22.413588,星耀
949,109,枋寮鄉,新開村段,13_22,120.6191,22.413836,星耀
950,109,枋寮鄉,新開村段,13,120.620513,22.413834,星耀
951,109,枋寮鄉,新開村段,13_21,120.621534,22.414383,星耀
952,109,枋寮鄉,新開村段,13_14,120.620527,22.415052,星耀
953,109,枋寮鄉,新開村段,13_20,120.62078,22.414892,星耀
954,109,枋寮鄉,玉泉段,699,120.619664,22.41483,星耀
955,109,枋寮鄉,玉泉段,697,120.61862,22.415483,星耀
956,109,枋寮鄉,玉泉段,812,120.615887,22.412892,星耀
957,109,枋寮鄉,玉泉段,809,120.615472,22.41338,星耀
958,109,枋寮鄉,新開村段,13_15,120.620597,22.411471,星耀
959,109,枋寮鄉,新開村段,13_23,120.621703,22.413641,星耀
960,109,枋寮鄉,新開村段,13_17,120.622877,22.414665,星耀
961,109,枋寮鄉,玉泉段,785,120.614274,22.414699,星耀
962,109,枋寮鄉,屏南段,64,120.581977,22.411522,天泰
963,109,枋寮鄉,屏南段,63,120.582247,22.411599,天泰
964,109,枋寮鄉,屏南段,62,120.58246,22.411788,天泰
965,109,枋寮鄉,屏南段,87,120.582191,22.41087,天泰
966,109,枋寮鄉,屏南段,88,120.582392,22.410869,天泰
967,109,枋寮鄉,屏南段,89,120.582829,22.410933,天泰
968,109,枋寮鄉,屏南段,94_8,120.582845,22.410651,天泰
969,110,枋寮鄉,金榮段,306,120.615854,22.359345,寶晶
970,110,枋寮鄉,金榮段,302,120.617906,22.359817,寶晶
971,110,枋寮鄉,金榮段,190-1,120.616515,22.361272,寶晶
972,110,枋寮鄉,金榮段,189,120.617044,22.361601,寶晶
973,110,枋寮鄉,隆安段,237,120.609861,22.364135,寶晶
974,110,枋寮鄉,隆安段,102,120.609887,22.365205,寶晶
975,110,枋寮鄉,隆安段,83,120.609825,22.366024,寶晶
976,110,枋寮鄉,隆山北段,170-1,120.617755,22.371285,寶晶
977,110,枋寮鄉,隆山北段,154,120.613821,22.372716,寶晶
978,110,枋寮鄉,隆山北段,153,120.614038,22.372708,寶晶
979,110,枋寮鄉,隆山北段,152,120.614428,22.372688,寶晶
980,110,枋寮鄉,隆山北段,141,120.613785,22.373829,寶晶
981,110,枋寮鄉,隆山北段,142,120.61471,22.373708,寶晶
982,110,枋寮鄉,隆山北段,269,120.611573,22.374399,寶晶
983,110,枋寮鄉,內寮村段,1286,120.604569,22.376155,寶晶
984,110,枋寮鄉,內寮村段,1286-1,120.605039,22.37605,寶晶
985,110,枋寮鄉,內寮村段,1286-2,120.605283,22.376,寶晶
986,110,枋寮鄉,三民段,427,120.601021,22.379845,寶晶
987,110,枋寮鄉,三民段,382,120.608999,22.379644,寶晶
988,110,枋寮鄉,內寮村段,901,120.612405,22.37702,寶晶
989,110,枋寮鄉,內寮村段,903,120.612433,22.377477,寶晶
990,110,枋寮鄉,內寮村段,906,120.612134,22.377767,寶晶
991,110,枋寮鄉,內寮村段,801,120.61678,22.378933,寶晶
992,110,枋寮鄉,內寮村段,729,120.617403,22.381953,寶晶
993,110,枋寮鄉,三民段,185,120.607656,22.384533,寶晶
994,110,枋寮鄉,三民段,186,120.607652,22.384313,寶晶
995,110,枋寮鄉,三民段,55,120.603418,22.388947,寶晶
996,110,枋寮鄉,三民段,54,120.603881,22.388787,寶晶
997,110,枋寮鄉,三民段,40,120.604425,22.388888,寶晶
998,110,枋寮鄉,三民段,Jan-40,120.604379,22.388314,寶晶
999,110,枋寮鄉,三民段,21,120.606356,22.389932,寶晶
1000,110,枋寮鄉,新開村段,1327,120.603244,22.391013,寶晶
1001,110,枋寮鄉,新開村段,1302,120.606571,22.391335,寶晶
1002,110,枋寮鄉,新開村段,1301,120.6068,22.391321,寶晶
1003,110,枋寮鄉,新開村段,1300,120.607094,22.391313,寶晶
1004,110,枋寮鄉,新開村段,1299,120.607539,22.391248,寶晶
1005,110,枋寮鄉,新開村段,1234-2,120.605103,22.394499,寶晶
1006,110,枋寮鄉,新開村段,1234-1,120.605226,22.39539,寶晶
1007,110,枋寮鄉,新開村段,1004,120.605559,22.396121,寶晶
1008,110,枋寮鄉,新開村段,1222,120.607296,22.394466,寶晶
1009,110,枋寮鄉,新開村段,1165,120.609534,22.394512,寶晶
1010,110,枋寮鄉,新開村段,1150,120.610245,22.39556,寶晶
1011,110,枋寮鄉,新開村段,1152-1,120.610993,22.395404,寶晶
1012,110,枋寮鄉,新開村段,1153,120.611506,22.395569,寶晶
1013,110,枋寮鄉,內寮村段,113,120.621551,22.392223,寶晶
1014,110,枋寮鄉,內寮村段,118,120.620124,22.39289,寶晶
1015,110,枋寮鄉,新開村段,1037,120.607523,22.398663,寶晶
1016,110,枋寮鄉,新開村段,881,120.606504,22.400449,寶晶
1017,110,枋寮鄉,新開村段,1056,120.612387,22.400592,寶晶
1018,110,枋寮鄉,新開村段,803,120.612498,22.400854,寶晶
1019,110,枋寮鄉,新開村段,803-1,120.612954,22.401058,寶晶
1020,110,枋寮鄉,新開村段,604,120.618362,22.400187,寶晶
1021,110,枋寮鄉,新開村段,602,120.618547,22.401476,寶晶
1022,110,枋寮鄉,新開村段,596,120.618269,22.402033,寶晶
1023,110,枋寮鄉,新開村段,589,120.616587,22.402104,寶晶
1024,110,枋寮鄉,新開村段,335,120.615956,22.408117,寶晶
1025,110,枋寮鄉,新開村段,334,120.61528,22.408265,寶晶
1026,110,枋寮鄉,金榮段,567,120.633123,22.356521,寶晶
1027,110,枋寮鄉,金榮段,568,120.63349,22.356175,寶晶
1028,110,枋寮鄉,金榮段,570,120.632452,22.35658,寶晶
1029,110,枋寮鄉,金榮段,1042,120.61647,22.353397,寶晶
1030,110,枋寮鄉,金榮段,1043,120.616815,22.353116,寶晶
1031,110,枋寮鄉,隆安段,188,120.613467,22.361202,寶晶
1032,110,枋寮鄉,隆安段,353,120.61356,22.36033,寶晶
1033,110,枋寮鄉,隆安段,367-3,120.613859,22.35867,寶晶
1034,110,枋寮鄉,隆安段,390,120.612068,22.358808,寶晶
1035,110,枋寮鄉,隆安段,417,120.611069,22.358894,寶晶
1036,110,枋寮鄉,隆安段,702,120.608883,22.352877,寶晶
1037,110,枋寮鄉,隆安段,702-1,120.608863,22.35333,寶晶
1038,110,枋寮鄉,隆山北段,84,120.612565,22.375553,寶晶
1039,110,枋寮鄉,隆山北段,135,120.612442,22.373398,寶晶
1040,110,枋寮鄉,隆山北段,198,120.612359,22.373178,寶晶
1041,110,枋寮鄉,隆山北段,140,120.615303,22.373631,寶晶
1042,110,枋寮鄉,隆山北段,164,120.613091,22.371243,寶晶
1043,110,枋寮鄉,隆山北段,195,120.61285,22.371247,寶晶
1044,110,枋寮鄉,隆山北段,488,120.612572,22.371192,寶晶
1045,110,枋寮鄉,隆山北段,179,120.614124,22.370388,寶晶
1046,110,枋寮鄉,隆山北段,266,120.610948,22.3745,寶晶
1047,110,枋寮鄉,隆山北段,267,120.610888,22.37407,寶晶
1048,110,枋寮鄉,隆山北段,268,120.611256,22.374559,寶晶
1049,110,枋寮鄉,隆山北段,286,120.610657,22.372362,寶晶
1050,110,枋寮鄉,隆山北段,288,120.610525,22.372661,寶晶
1051,110,枋寮鄉,隆山北段,289,120.610372,22.372732,寶晶
1052,110,枋寮鄉,內寮村段,111,120.62265,22.392576,寶晶
1053,110,枋寮鄉,內寮村段,116,120.620841,22.392324,寶晶
1054,110,枋寮鄉,內寮村段,370,120.617318,22.398143,寶晶
1055,110,枋寮鄉,內寮村段,396,120.617228,22.397347,寶晶
1056,110,枋寮鄉,內寮村段,561,120.615251,22.388924,寶晶
1057,110,枋寮鄉,內寮村段,566,120.614517,22.388615,寶晶
1058,110,枋寮鄉,內寮村段,646,120.614337,22.384539,寶晶
1059,110,枋寮鄉,內寮村段,832,120.61437,22.375908,寶晶
1060,110,枋寮鄉,內寮村段,898,120.613029,22.377319,寶晶
1061,110,枋寮鄉,內寮村段,1247,120.606821,22.375038,寶晶
1062,110,枋寮鄉,內寮村段,1255,120.607316,22.375019,寶晶
1063,110,枋寮鄉,內寮村段,1312,120.603171,22.37446,寶晶
1064,110,枋寮鄉,內寮村段,1313-1,120.602564,22.374682,寶晶
1065,110,枋寮鄉,三民段,147,120.606075,22.386087,寶晶
1066,110,枋寮鄉,三民段,395,120.607477,22.379688,寶晶
1067,110,枋寮鄉,三民段,402,120.605806,22.379671,寶晶
1068,110,枋寮鄉,三民段,406,120.605327,22.37965,寶晶
1069,110,枋寮鄉,三民段,466,120.607318,22.378737,寶晶
1070,110,枋寮鄉,三民段,570,120.600151,22.378727,寶晶
1071,110,枋寮鄉,三民段,572,120.600674,22.378568,寶晶
1072,110,枋寮鄉,新開村段,586,120.614985,22.401999,寶晶
1073,110,枋寮鄉,新開村段,661,120.615667,22.401581,寶晶
1074,110,枋寮鄉,新開村段,670,120.61455,22.401963,寶晶
1075,110,枋寮鄉,新開村段,998,120.607335,22.396373,寶晶
1076,110,枋寮鄉,新開村段,1100,120.610577,22.398911,寶晶
1077,110,枋寮鄉,北玄段,127,120.578833,22.395877,力暘
1078,110,枋寮鄉,南山段,34,120.585173,22.397003,力暘
1079,110,枋寮鄉,南山段,33,120.585224,22.397275,力暘
1080,110,枋寮鄉,南山段,32_2,120.585249,22.397465,力暘
1081,110,枋寮鄉,南山段,32_1,120.58535,22.397614,力暘
1082,110,枋寮鄉,南山段,32,120.585377,22.397778,力暘
1083,110,枋寮鄉,南山段,21,120.586232,22.397792,力暘
1084,110,枋寮鄉,南山段,14,120.586524,22.397504,力暘
1085,110,枋寮鄉,南山段,13,120.586669,22.397524,力暘
1086,110,枋寮鄉,南山段,12,120.586805,22.397528,力暘
1087,110,枋寮鄉,南山段,15_1,120.586722,22.397122,力暘
1088,110,枋寮鄉,太源段,1123,120.58856,22.40282,力暘
1089,110,枋寮鄉,太源段,579,120.592786,22.404163,力暘
1090,110,枋寮鄉,太源段,954_1,120.590461,22.399296,力暘
1091,110,枋寮鄉,太源段,954,120.590715,22.399305,力暘
1092,110,枋寮鄉,太源段,949,120.592052,22.39902,力暘
1093,110,枋寮鄉,太源段,923,120.592145,22.397143,力暘
1094,110,枋寮鄉,太源段,913,120.592239,22.395624,力暘
1095,110,枋寮鄉,太源段,912,120.59226,22.394911,力暘
1096,110,枋寮鄉,太源段,808,120.59426,22.393494,力暘
1097,110,枋寮鄉,太源段,873,120.59505,22.395459,力暘
1098,110,枋寮鄉,沿海段,21,120.59398,22.391169,力暘
1099,110,枋寮鄉,三民段,5,120.606657,22.390643,力暘
1100,110,枋寮鄉,三民段,19,120.606494,22.390574,力暘
1101,110,枋寮鄉,新開村段,1227,120.606783,22.395292,力暘
1102,110,枋寮鄉,新開村段,1228,120.606625,22.395305,力暘
1103,110,枋寮鄉,新開村段,1106_3,120.609842,22.398015,力暘
1104,110,枋寮鄉,新開村段,1106_2,120.609674,22.398048,力暘
1105,110,枋寮鄉,新開村段,1106_1,120.609542,22.398099,力暘
1106,110,枋寮鄉,新開村段,1106,120.609394,22.398352,力暘
1107,110,枋寮鄉,大響營段一小段,189_1,120.605961,22.399024,力暘
1108,110,枋寮鄉,大響營段一小段,189,120.606046,22.399194,力暘
1109,110,枋寮鄉,大響營段一小段,244_1,120.600971,22.398237,力暘
1110,110,枋寮鄉,大響營段一小段,241,120.601031,22.397862,力暘
1111,110,枋寮鄉,太源段,743,120.599202,22.398207,力暘
1112,110,枋寮鄉,太源段,687,120.597263,22.39987,力暘
1113,110,枋寮鄉,太源段,686,120.597232,22.400496,力暘
1114,110,枋寮鄉,太源段,672,120.595854,22.401056,力暘
1115,110,枋寮鄉,太源段,669,120.59597,22.401449,力暘
1116,110,枋寮鄉,太源段,667,120.595943,22.401653,力暘
1117,110,枋寮鄉,太源段,674,120.596767,22.401553,力暘
1118,110,枋寮鄉,太源段,597,120.594082,22.403361,力暘
1119,110,枋寮鄉,大響營段一小段,268_2,120.5945,22.40482,力暘
1120,110,枋寮鄉,新開村段,1171,120.610919,22.393712,力暘
1121,110,枋寮鄉,內寮村段,526,120.612445,22.389405,力暘
1122,110,枋寮鄉,內寮村段,487_4,120.612324,22.391652,力暘
1123,110,枋寮鄉,內寮村段,487_3,120.612176,22.391794,力暘
1124,110,枋寮鄉,內寮村段,486,120.612873,22.392547,力暘
1125,110,枋寮鄉,內寮村段,486_7,120.613232,22.392502,力暘
1126,110,枋寮鄉,內寮村段,486_1,120.613623,22.392513,力暘
1127,110,枋寮鄉,內寮村段,486_2,120.614051,22.392462,力暘
1128,110,枋寮鄉,內寮村段,482,120.614304,22.391659,力暘
1129,110,枋寮鄉,內寮村段,486_5,120.615537,22.392243,力暘
1130,110,枋寮鄉,內寮村段,445,120.61705,22.392915,力暘
1131,110,枋寮鄉,內寮村段,117,120.620122,22.392101,力暘
1132,110,枋寮鄉,內寮村段,117_1,120.620431,22.39216,力暘
1133,110,枋寮鄉,新開村段,669,120.614485,22.401578,力暘
1134,111,枋寮鄉,新地段,216,120.585365,22.390049,力暘
1135,111,枋寮鄉,北玄段,84_2,120.582574,22.392685,力暘
1136,111,枋寮鄉,北玄段,84_4,120.582245,22.392859,力暘
1137,111,枋寮鄉,南山段,146,120.57873,22.398192,力暘
1138,111,枋寮鄉,南山段,146-1,120.579133,22.398177,力暘
1139,111,枋寮鄉,南山段,41,120.584547,22.39809,力暘
1140,111,枋寮鄉,太源段,969,120.588679,22.399926,力暘
1141,111,枋寮鄉,新地段,16,120.588251,22.397954,力暘
1142,111,枋寮鄉,新地段,11_1,120.588466,22.398476,力暘
1143,111,枋寮鄉,新地段,14,120.588405,22.398222,力暘
1144,111,枋寮鄉,新地段,14_4,120.588784,22.397555,力暘
1145,111,枋寮鄉,新地段,26-17,120.588752,22.396816,力暘
1146,111,枋寮鄉,新地段,26-20,120.589152,22.397939,力暘
1147,111,枋寮鄉,新地段,12,120.589388,22.39834,力暘
1148,111,枋寮鄉,太源段,933,120.591589,22.397992,力暘
1149,111,枋寮鄉,太源段,1006,120.590403,22.401053,力暘
1150,111,枋寮鄉,新地段,216,120.585365,22.390049,力暘
1151,111,枋寮鄉,太源段,603,120.593668,22.402841,力暘
1152,111,枋寮鄉,太源段,602,120.593387,22.403014,力暘
1153,111,枋寮鄉,大響營段一小段,165-2,120.59516,22.405565,力暘
1154,111,枋寮鄉,大響營段一小段,159,120.59529,22.407452,力暘
1155,111,枋寮鄉,太源段,745,120.598629,22.397701,力暘
1156,111,枋寮鄉,太源段,745,120.598629,22.397701,力暘
1157,111,枋寮鄉,太源段,749,120.599339,22.397335,力暘
1158,111,枋寮鄉,大響營段一小段,218,120.603053,22.398844,力暘
1159,111,枋寮鄉,大響營段一小段,194,120.604156,22.398543,力暘
1160,111,枋寮鄉,大響營段一小段,200,120.604741,22.398734,力暘
1161,111,枋寮鄉,內寮村段,451,120.616042,22.39184,力暘
1162,111,枋寮鄉,新開村段,603,120.618199,22.400443,力暘
1163,111,枋寮鄉,枋農段,11,120.58445,22.416018,力暘
1164,111,枋寮鄉,枋農段,10,120.584244,22.416679,力暘
1165,111,枋寮鄉,枋農段,9,120.583999,22.417386,力暘
1166,111,枋寮鄉,枋農段,8,120.583935,22.417606,力暘
1167,111,枋寮鄉,枋農段,35,120.582627,22.419494,力暘
1168,111,枋寮鄉,枋農段,33,120.582276,22.41985,力暘
1169,111,枋寮鄉,枋農段,31,120.581585,22.419665,力暘
1170,111,枋寮鄉,枋農段,282,120.574257,22.417682,力暘
1171,111,枋寮鄉,枋農段,277,120.57731,22.418438,力暘
1172,111,枋寮鄉,枋農段,278,120.579239,22.420188,力暘
1173,111,枋寮鄉,枋農段,347,120.571757,22.426012,力暘
1174,111,枋寮鄉,枋農段,349,120.571,22.425484,力暘
